{"loss": [1.3891466856002808, 0.4454455077648163, 0.2634083926677704, 0.18143488466739655, 0.1314467042684555, 0.10704896599054337, 0.08914045989513397, 0.07065755128860474, 0.06418304890394211, 0.055152520537376404], "accuracy": [0.5898143649101257, 0.8579415082931519, 0.9148303866386414, 0.9402233362197876, 0.9564406871795654, 0.9649335145950317, 0.970808744430542, 0.9769116044044495, 0.9791308045387268, 0.9823884963989258], "val_loss": [0.6669416427612305, 0.3180599510669708, 0.19671721756458282, 0.1527693122625351, 0.15689390897750854, 0.11714223772287369, 0.12564674019813538, 0.19967980682849884, 0.10583563148975372, 0.09170219302177429], "val_accuracy": [0.7926246523857117, 0.8979626893997192, 0.9368882179260254, 0.9513999819755554, 0.9508877992630005, 0.9627248048782349, 0.9609606266021729, 0.9429205656051636, 0.9677896499633789, 0.9729114770889282]}